A,A. Ché
A,Aerin Rose
A,Amita Naithani
A,Anne Cole
A,Antiqua
A,AQ-WA
A,Aqua Blu
B,B. Swim
B,BCBGeneration
B,BCBGMAXAZRIA
B,Beach Diva
B,Beach Scene
B,Becca
B,Betsey Johnson
B,Bikini Lab
B,Body Glove
B,Bravo Bra Pads
B,Breathe by Body Glove
C,CA by Vitamin A
C,Cabana Life
C,Callanan
C,Cappelli Straworld
C,Captiva
C,Caribbean Joe
C,Ceeb
C,Charmline
C,Christina
C,Christine Alexander
C,Cole of California
C,Coquina Beach
C,Cover Me
D,Despi
D,Dorfman Pacific
D,Dotti
E,Eco Peace by Aqua Green
E,Eco Swim by Aqua Green
E,Eidon
E,Elif for Jordan Taylor Resortwear
F,Fit 4 U
G,Gloria’s Coverups
G,Gossip
G,Gottex
H,H2Oh
H,Hansley Men’s Swimwear
H,Havaianas
H,Heat
H,Heaven
H,Helen Jon
H,Hobie
I,Ipanema
I,Ipanema Footwear
I,Island Love
I,Island Pearls
I,Island World
I,It Figures!
J,J. Valdi
J,Jag
J,Jamaican Style
J,Jantzen
J,Jordan Taylor Beach
J,Jordan Taylor Swim
J,Jump ‘N Splash
K,Kachina Sunglasses
K,Kenneth Cole NY
K,Kenneth Cole Reaction
L,La Leela Coverups
L,La Palapa
L,La Palapa Plus
L,Laundry by Shelli Segal
L,Le Soleil Miami
L,Leilani
L,Lidea
L,Lidea Night & Lounge
L,Lucky Brand
L,Luli Fama
M,Maaji
M,Maaji Kids
M,Maaji Lingerie
M,Maaji Studio
M,Maaji Trunks
M,MagicSuit
M,Maidenform Beach
M,Maryan Mehlhorn
M,Maxine of Hollywood
M,Mazu
M,Miraclesuit
M,MSP by Miraclesuit
N,Nike Swim
O,Oakley
P,Penbrooke
P,Pily Q
P,Profile Blush
R,Radio Fiji
R,Raisins
R,Raisins Girls
R,Reebok
R,Ruby Rd.
S,San Soleil
S,Sandoratto
S,Scala
S,Scandalicious
S,Scandalous
S,Seaside
S,Simple Sarongs
S,Skye
S,Smoothies
S,South Point
S,St. Tropez
S,Stetson
S,Sunsets
S,Sunshine Zone
S,SWIM by Chuck Handy
S,Swim Systems
T,Tommy Bahama
T,Tori Richard
T,Treasurers of Bali Resortwear
T,Tropical Trends
T,True Fit Try-On
T,24th & Ocean
U,US Apparel
V,Vitamin A
W,Water Glamour
W,Watercult