A,A Shore Fit!
A,A. Ch√à
A,adidas
A,Adriana Gaviria
A,Aerin Rose
A,Agua Bendita
A,Agua de Coco
A,Aguaclara
A,Aguaclara Girls
A,Aish
A,Alchimia Beachwear
A,ale by Alessandra
A,Aliana
A,almaMia
A,Aloe Up
A,AM:PM
A,Ambrosia
A,Amenapih
A,Amir Slama
A,Amita Naithani
A,Amuse
A,Anatomie
A,Andrew Christian
A,Angel & Miosotti
A,Angel Beach
A,Anima Beachwear
A,Ank
A,Anna Kosturova
A,Anne Cole
A,Antigel
A,Antiqua
A,AQua Flops
A,Aquadual
A,Aquarella
A,AquaVita
A,Aris A.
A,Ashiana
A,Aspiga
A,Aum-Couture
A,Avani
A,Azul
A,Azura
B,B-kini Milano Maritima
B,B. Swim
B,Babalu
B,Babiators
B,Baby Bum
B,Baby Loves Mom
B,Badgley Mischka
B,Banana Moon
B,Barbara Gerwit
B,Barraca Chic
B,Basmar
B,BCBGeneration
B,BCBGeneration
B,Beach Bunny
B,beach by florabella
B,Beach Diva
B,Beach Riot
B,Beach Scene
B,BeachCandy
B,Becca
B,Becca Etc.
B,Bel Kazan
B,Belabunda
B,bella tu
B,Bendigo
B,Beth & Tracie
B,Betsey Johnson
B,Betsy Moss
B,Big Guns
B,Bikini Lab
B,Billabong
B,Bingo Surf
B,Biographie
B,Bleu/Rod Beattie
B,BLING 2 o
B,Blue Chair Bay
B,Blue Island
B,Blue Island Coverups
B,Blue Life
B,Blue Man
B,Body Glove
B,Boho Me
B,Bravo Bra Pads
B,Brazil Sunset
B,Breaking Waves
B,Breathe by Body Glove
B,Brightly Twisted
B,Brigitte
B,Buco Handbags
B,BW by analili
B,By Lilla
C,C9 by Champion
C,CA by Vitamin A
C,Cabana Life
C,Caffe
C,Callanan
C,Calou
C,Cappelli Straworld
C,Capri Girl
C,Captiva
C,Caribbean Joe
C,Caribbean Sand
C,Catori
C,CC SANDS by Trunks Beach Couture
C,Cecilia Prado Mare
C,Ceeb
C,Chach
C,Charlie Jade
C,Charmline
C,Chica
C,Chica Rica
C,Chio
C,Chique
C,Christina
C,Christys' of London
C,Cia Maritima
C,Cimber
C,Cleo Lingerie
C,Cleo Swimwear by Panache
C,Club Z Collection
C,Cocktail Pareos
C,Cocktail Pareos Accessories
C,Cocktail Pareos Collections
C,Cocktail Pareos Design
C,Cocktail Pareos Swim
C,Cocoon House
C,Cole of California
C,Commando
C,Contour
C,Cool Kids
C,Coola Suncare
C,coolchange
C,Coral + Reef
C,Coral Island
C,Corpo Bonito
C,Cote d'Or
C,Cover 2 Cover
C,Cover Me
C,Cristina Love
C,Cuban Rice
C,Cyn & Luca
C,Cynthia Rowley
C,CZ Coverups
D,D'Milikah
D,Daisy
D,Dalai Beachwear
D,Damsel
D,Daniela Corte
D,Dar Be Dar
D,Dashiki
D,DC Comics
D,Debbie Katz
D,Deep Blue
D,Delfina
D,Delta Burke Womens
D,Desiree Nercessian
D,Despi
D,Dfly
D,Diane Raulston
D,Disney
D,Diva by Rachel Pappo
D,Divino Seas
D,Dos Beachwear
D,Dotti
D,Dozer
D,Drama Queen
D,Dream Dance
D,Dries Van Noten Sunglasses
D,Drifter
D,Dunnas
E,Eberjey
E,Echo Design
E,Eco Peace by Aqua Green
E,Eco Swim by Aqua Green
E,Ecua-Andino
E,Ego Eyewear
E,Eidon
E,Elan Intl
E,elif for Jordan Taylor
E,Elizabeth Jane
E,Elomi
E,Emamo
E,Emerald Bay
E,Eniqua
E,Enla
E,Entreaguas
E,Erika Pena
E,Estivo
E,Ettika Jewelry
E,Everyday Sunday
E,Exist
F,Fables by Barrie
F,Fantasie
F,Feriado Nacional
F,5th and Love
F,Fit 4 U
F,Floatimini
F,Floats Polarized
F,florabella
F,Fortune
F,Freestyle
F,Frenchy by Cyn & Luca
F,Freya
F,Frida Querida
G,G'Skin Semi Panty
G,Gemme Amour
G,Gideon Oberson
G,Glamourpuss NYC
G,Global Glamour
G,Gossip
G,Gossip Girl Kids
G,Gottex Accessories
G,Gottex Collection
G,Gottex Contour
G,Gottex Essentials
G,Gottex Hats
G,Grain de Sable
G,Gretchen Scott
G,Guria Beachwear
G,Guy Harvey Headwear and Tote Bags
G,Gypsy 05
H,Hale Bob
H,Hand Made Good Trade
H,Hari Mari
H,Hayden Reis
H,HBY Miami
H,HeartSoul
H,Heat
H,Heat Collection
H,Heather Laine
H,Hector Cubas
H,Helen Jon
H,Helen Kaminski
H,HiHo
H,Hipanema
H,Hobie
H,Holt
H,Hope Resort
H,Hot Water
H,Huit
H,Hula Star
H,Hye Chic
I,IFeel
I,In Mocean
I,Inches Off
I,Indie Soul
I,InGear
I,Ipanema
I,Ipanema Footwear
I,Ipanema Vintage
I,Ishani
I,Island Company
I,Island Love
I,Island Pearls
I,Island Soul
I,Island Waves
I,Island World
I,Isle Jacobson
I,It Figures!
I,IYA Australia
J,J. Valdi
J,Jacqueline Arnaud
J,JADEtribe
J,Jamaican Style
J,Janine Robin
J,Jantzen
J,Jelly
J,Jen's Pirate Booty
J,Jessica Simpson
J,Jets by Jessika Allen
J,Jets White Label
J,Jones New York
J,Jor
J,Jordan Taylor
J,Jordan Taylor by elif
J,Jordan Taylor by elif Swim
J,Jordan Taylor Swim
J,Josa tulum
J,Joseph Walker
J,Josie Natori
J,Jump 'N Splash
J,Just Be Gauze
K,Kaeli Smith
K,Kaeli Smith Kids
K,KaiLani
K,Kaleidoscope
K,Kali Girlz
K,Kaneshka
K,Kanu Surf
K,Kareena's
K,Kariza
K,Karla Colletto
K,Karma Beach
K,Katharine Story
K,Kayu
K,Kechika
K,Kenneth Cole NY
K,Kenneth Cole Reaction
K,Kenzo
K,Keva J
K,Kim & Zozi
K,Kimini
K,Kiminis
K,Kiwi
K,Kiwi Kids
K,KoMocean
K,Kooringal Hats
K,Kris Van Assche Sunglasses
K,Kuny Barcelona
L,L*Space by Monica Wise
L,La Blanca
L,La Cera
L,LA Class
L,La Moda
L,La Moda Beachwear
L,Lady Lux
L,Lagaci
L,Lahco of Switzerland
L,Larissa Minatto
L,Laura Beach
L,Lauren Ralph Lauren
L,Lavish
L,Le Club
L,Le Petit Marcel
L,Le Soleil Miami
L,Le Soleil Miami Mini
L,Leggiadro
L,Leilani
L,leMar
L,Lemons & Limes Kids
L,Lenny Niemeyer
L,LeSwim
L,Letarte
L,Lexi Jewelry
L,Liberti
L,Lidea
L,Lidea Night & Lounge
L,Life by T.H.E.
L,Life by T.H.E. Mastectomy
L,Life by T.H.E. Women's
L,Liliana Montoya
L,Lililane
L,Limonada
L,Linda Farrow Gallery Sunglasses
L,Linda Farrow Sunglasses
L,Lisa Blue
L,Lise Charmel
L,Livia Monte Carlo
L,Loer
L,Lola Australia
L,Lolo
L,Longitude
L,Longitude Womens
L,Lotus London
L,Loungerie
L,Love Haus by Beach Bunny
L,Love Surf
L,Love Surplus
L,Love The Journey
L,Lucky & Coco
L,Lucky Brand
L,Luli Fama
L,Luli Fama Eye Candy
L,Lulita by Luli Fama
M,M. Marcelle
M,Maaji
M,Maaji Kids
M,Maaji Lingerie
M,Maaji Studio
M,Maaji Trunks
M,Madame Monte-Carlo
M,Magaschoni
M,Maggie May
M,MagicSuit
M,MagicSuit
M,Magid
M,Maidenform Beach
M,Majestic
M,Malai
M,Malibu Jane
M,Manglar
M,Mangrove
M,Manuel Canovas
M,Mar de Rosas
M,Mare Sole Amore
M,Marea Alta
M,Marie Meili
M,Martha Rey for the La Boheme
M,Mary Grace
M,Maryan Mehlhorn
M,Masquerade Lingerie by Panache
M,Matta
M,Matthew Williamson Sunglasses
M,Maxine of Hollywood
M,Mazu
M,Mazu
M,Melissa Odabash
M,Melissa Shoes
M,Meridian Avenue
M,Mersur
M,Meskita
M,Mia Marcelle
M,Mic
M,Miken
M,Milly Cabana
M,Milly Minis
M,Millymook
M,Milonga
M,Miraclesuit
M,Mishky
M,Miss June
M,Mix Nouveau
M,Moeva
M,Monserat de Lucca
M,Montce
M,Motel Rocks
M,Mott 50
M,Mou & Moi
M,Mouille
M,Mr. Swim
M,Muchachomalo
M,Muche et Muchette
M,Mud Pie
M,Mung Australia
M,Muryx
N,Naila
N,Nanette Lepore
N,Natori
N,Natural Impressions
N,Nicolita
N,Nikki Poulos
N,Nikki Poulos Resort
N,95 Degrees
N,96 Degrees
N,98 Coast Av
N,99 Degrees
N,Nouvelle Resort
O,O'Neill
O,Oakley
O,Ocean Breeze
O,Ocean Drive
O,Ocean Magic
O,Oka-B
O,Olaya Beach
O,Oliphant
O,Omni Sales
O,OndadeMar
O,Onia
O,Opera
O,Original Penguin
O,Oroblu
O,Oscar de la Renta Sunglasses
O,Oxygen
P,Pacific & Co.
P,Pacific Blue
P,Palheta
P,Palmacea
P,Palmarosa
P,Panache
P,Panache Lingerie
P,Panache Sport
P,Panama Jack Handbags
P,Pangea
P,Pantone Colorwear
P,Paolita
P,Papeete
P,Papua
P,Paradizia
P,Paradizia Dreamwear
P,Parides
P,Parke & Ronen
P,Pascale
P,Pasha
P,Passion For The Sun
P,Patrixia Martins
P,Paulmann Hats
P,Paulmann Straw Bags
P,Peixoto
P,Penbrooke
P,Peppermint Bay
P,Persifor
P,Petite Letarte
P,Phat Buddha Wear
P,Phax
P,Phillip Lim Sunglasses
P,Physician Endorsed
P,Pia Rossini Resortwear
P,Pily Q
P,Pin Up Stars
P,Pineapple Bay
P,Pink Powder Jewelry
P,Pinkertons
P,Pistol Panties
P,Pitusa
P,Planet Sea
P,Platypus Australia
P,Play Six
P,Plouf
P,Plunge
P,Point Conception
P,Point Conception Kids
P,Polo Ralph Lauren
P,Pomegranate
P,Pony Tales by Fables
P,Porto Cruz
P,PrAna
P,Profile Blush
P,Profile by Gottex
Q,Quintsoul
R,Radio Fiji
R,Raisin Girls
R,Raisins
R,Ramatuelle
R,Rampage
R,Ranee's
R,Rapz
R,Rashoodz
R,Raviya
R,Raya Sun
R,Red Carter
R,Red Label
R,Red Point
R,Red Velvet by Nicole Marcella
R,Reebok
R,Reesy Chelly
R,Relaxx
R,Reset Priority
R,RESORT by Chuck Handy
R,Retromarine
R,Rhode Resort
R,Rip Curl
R,Roberta Roller Rabbit
R,Robin Piccone
R,Robyn Lawley
R,Rococo
R,Rodan
R,Roidal
R,Rose Bule
R,Rose Gonzales
R,Rosmunde
R,ROXYLULU
R,RS Surf
R,Ruby Rd.
R,Ruby Yaya
S,Saachi
S,SABZ
S,Saha
S,Saint Chamas
S,Salinas
S,Sambarela
S,Samson
S,Sandoratto
S,Santana by Carlos Santana Hats
S,Santiki
S,Sanuk
S,Sauipe
S,Sauvage
S,Savi Resort Wear
S,Scala
S,Scandalicious
S,Scandalous
S,Scents and Feel
S,Sculptresse Lingerie by Panache
S,Sea Angel
S,Sea Candy
S,Sea Glass
S,Sea Reinas
S,Sea Rey
S,Sea Waves
S,Sea World
S,Seafolly
S,SeaLove
S,Seaside
S,Seekers
S,Seekers Contour
S,Shan
S,Shennel
S,Shoshanna
S,Shoshanna Baby Girl
S,Showaflops
S,Shylaa
S,Silhouette Solution
S,Simbi
S,Simply Sole
S,Simply Swim
S,Sinesia Karol
S,Sirena by Karina
S,Skemo
S,Sky
S,Skye
S,Smoothies
S,Snapper Rock
S,SOAH
S,Sol De Mimi
S,Sol e Energia
S,Solar
S,Solkissed
S,SolStar
S,Sonny
S,Sperry Top-Sider
S,Spiaggia Dolce
S,Spirit Activewear
S,Spun by Subtle Luxury
S,squirtini bikini
S,St. Tropez
S,Stargate
S,Stella Cove
S,Stetson
S,Store Tech
S,Strong Boalt
S,Stylish
S,SUB
S,Submarine
S,Subtle Luxury
S,Suit Yourself!
S,Sulu
S,Sun 'N' Sand
S,Sun Bum
S,Sun Emporium
S,Sun Z Shoes
S,Sunflair
S,Sunkissed Couture
S,Sunmarin
S,Sunnylife
S,Sunseeker
S,Sunsets
S,Sunsets
S,Sunshine Zone
S,Sunuva
S,Surf Gypsy
S,Surf Mentality
S,Susan Gennari
S,SWIM by Chuck Handy
S,Swim Systems
T,T.H.E.
T,T2Y
T,Taj by Sabrina
T,Tara Michelle
T,Tart Collections
T,Tashia London
T,Teal Island
T,Tessora
T,Tessuto
T,Thapelo
T,The Girl From Ipanema
T,The Row Sunglasses
T,Ticket to Timbuktu
T,Togs Australia
T,Tom & Teddy
T,Tommy Bahama
T,Tommy Bahama Hats
T,Toms
T,Topanga by T.H.E.
T,Tory Burch
T,Touche
T,Toxic Sadie
T,Tranvia Beach
T,Treasurers of Bali Resortwear
T,Trejoa
T,Trina Turk
T,Tropical Trends
T,True Crush
T,Trunkettes
T,Trunks Beach Couture
T,2 Bamboo
T,2 Rios
T,2(x)ist
T,24th & Ocean
U,U.S. Vintage
U,Undercover Beachwear
U,Undercover Waterwear
U,Union of Angels
U,Unique Vintage
U,US Apparel
U,Uzzi
V,Valimare
V,Vanita Rosa
V,Venissac
V,Verao Agora
V,Vintage Girl
V,Vintage Havana
V,Vintage Havana Kids
V,Vitamin A
V,Viva USA
V,Vizcaya
V,VMT
V,Volcom
W,Water Glamour
W,Watercult
W,Wes and Willy
W,Wet
W,Wewe Import
W,Whittall and Shon
W,Wildfox
W,Winki
W,Wrap It by Tish
W,Wylder
X,Xue
Y,YBL
Y,Yosi Samra
Z,Z & L
Z,Zacasha
Z,Zeki